true,pred,n,ratio
KIPAN,KIRC,271,0.5262135922330097
KIRC,KIPAN,231,0.6916167664670658
GBMLGG,LGG,193,0.41865509761388287
LGG,GBMLGG,143,0.6244541484716157
BRCA,OV,91,0.11577608142493638
BRCA,PRAD,55,0.06997455470737914
THCA,THYM,46,0.1419753086419753
LAML,THYM,37,0.23417721518987342
OV,BRCA,37,0.14624505928853754
BRCA,SARC,36,0.04580152671755725
STES,HNSC,36,0.09498680738786279
LUSC,STES,33,0.1853932584269663
PAAD,OV,32,0.26666666666666666
PCPG,PRAD,32,0.21768707482993196
SARC,OV,30,0.15151515151515152
THCA,PRAD,29,0.08950617283950617
LUSC,HNSC,28,0.15730337078651685
PRAD,PCPG,28,0.10526315789473684
STES,BRCA,28,0.07387862796833773
BRCA,KIPAN,27,0.03435114503816794
BRCA,THYM,27,0.03435114503816794
SARC,PRAD,26,0.13131313131313133
STES,COAD,26,0.06860158311345646
HNSC,BRCA,25,0.11210762331838565
HNSC,STES,25,0.11210762331838565
TGCT,KIPAN,25,0.20161290322580644
BRCA,PCPG,24,0.030534351145038167
BRCA,STES,24,0.030534351145038167
LUAD,STES,24,0.13043478260869565
PCPG,THYM,23,0.1564625850340136
UCEC,BRCA,23,0.11616161616161616
GBMLGG,BRCA,22,0.04772234273318872
KIPAN,BRCA,22,0.04271844660194175
SARC,BRCA,22,0.1111111111111111
SKCM,LUAD,22,0.07971014492753623
STES,LUSC,21,0.055408970976253295
CESC,KIPAN,20,0.12903225806451613
PRAD,THYM,20,0.07518796992481203
LUAD,LUSC,19,0.10326086956521739
PRAD,SARC,19,0.07142857142857142
THCA,PCPG,18,0.05555555555555555
BLCA,STES,17,0.16346153846153846
BRCA,UCEC,17,0.021628498727735368
CESC,BRCA,17,0.10967741935483871
PRAD,BRCA,17,0.06390977443609022
STES,LIHC,17,0.044854881266490766
STES,LUAD,17,0.044854881266490766
BRCA,GBMLGG,16,0.020356234096692113
GBMLGG,PRAD,16,0.03470715835140998
KIPAN,PRAD,16,0.031067961165048542
KIPAN,TGCT,16,0.031067961165048542
OV,SARC,16,0.06324110671936758
STES,OV,16,0.04221635883905013
BRCA,CESC,15,0.019083969465648856
BRCA,KIRC,15,0.019083969465648856
COAD,STES,15,0.06726457399103139
HNSC,OV,15,0.06726457399103139
LIHC,BRCA,15,0.0949367088607595
LIHC,KIPAN,15,0.0949367088607595
LIHC,UCEC,15,0.0949367088607595
LUAD,LIHC,15,0.08152173913043478
LUSC,LUAD,15,0.08426966292134831
PAAD,BRCA,15,0.125
PRAD,KIPAN,15,0.05639097744360902
THYM,PCPG,15,0.15306122448979592
CESC,SARC,14,0.09032258064516129
GBMLGG,KIPAN,14,0.03036876355748373
HNSC,KIPAN,14,0.06278026905829596
BRCA,HNSC,13,0.01653944020356234
CESC,PRAD,13,0.08387096774193549
CESC,STES,13,0.08387096774193549
COAD,OV,13,0.05829596412556054
GBMLGG,SARC,13,0.028199566160520606
HNSC,LUSC,13,0.05829596412556054
KIPAN,CESC,13,0.02524271844660194
PRAD,OV,13,0.04887218045112782
SARC,KIPAN,13,0.06565656565656566
STES,UCEC,13,0.03430079155672823
BLCA,HNSC,12,0.11538461538461539
GBMLGG,UCEC,12,0.026030368763557483
OV,KIPAN,12,0.04743083003952569
SARC,PCPG,12,0.06060606060606061
SARC,THYM,12,0.06060606060606061
SKCM,KIPAN,12,0.043478260869565216
STES,PAAD,12,0.0316622691292876
BRCA,THCA,11,0.013994910941475827
KIPAN,STES,11,0.021359223300970873
KIRC,BRCA,11,0.03293413173652695
OV,PAAD,11,0.043478260869565216
OV,STES,11,0.043478260869565216
SKCM,THCA,11,0.03985507246376811
STES,KIPAN,11,0.029023746701846966
UCEC,STES,11,0.05555555555555555
BRCA,LAML,10,0.01272264631043257
BRCA,PAAD,10,0.01272264631043257
CESC,TGCT,10,0.06451612903225806
GBMLGG,OV,10,0.021691973969631236
KIRC,PRAD,10,0.029940119760479042
PCPG,SARC,10,0.06802721088435375
PCPG,THCA,10,0.06802721088435375
PRAD,THCA,10,0.03759398496240601
SARC,GBMLGG,10,0.050505050505050504
UCEC,GBMLGG,10,0.050505050505050504
HNSC,LUAD,9,0.04035874439461883
KIPAN,LIHC,9,0.017475728155339806
KIPAN,OV,9,0.017475728155339806
KIPAN,PCPG,9,0.017475728155339806
KIPAN,SARC,9,0.017475728155339806
LAML,OV,9,0.056962025316455694
LAML,PCPG,9,0.056962025316455694
LIHC,STES,9,0.056962025316455694
LUAD,GBMLGG,9,0.04891304347826087
LUAD,OV,9,0.04891304347826087
LUAD,SARC,9,0.04891304347826087
LUSC,COAD,9,0.05056179775280899
OV,PRAD,9,0.03557312252964427
THCA,BRCA,9,0.027777777777777776
UCEC,OV,9,0.045454545454545456
BRCA,LUAD,8,0.010178117048346057
GBMLGG,LIHC,8,0.01735357917570499
KIPAN,THYM,8,0.015533980582524271
LUAD,BRCA,8,0.043478260869565216
LUSC,LIHC,8,0.0449438202247191
LUSC,OV,8,0.0449438202247191
OV,COAD,8,0.03162055335968379
PRAD,GBMLGG,8,0.03007518796992481
PRAD,KIRC,8,0.03007518796992481
STES,PRAD,8,0.021108179419525065
TGCT,SARC,8,0.06451612903225806
BLCA,BRCA,7,0.0673076923076923
BLCA,LUAD,7,0.0673076923076923
BRCA,LIHC,7,0.008905852417302799
CESC,HNSC,7,0.04516129032258064
CESC,LUSC,7,0.04516129032258064
HNSC,COAD,7,0.03139013452914798
HNSC,UCEC,7,0.03139013452914798
LAML,LGG,7,0.04430379746835443
LAML,PRAD,7,0.04430379746835443
LIHC,PRAD,7,0.04430379746835443
LUAD,KIPAN,7,0.03804347826086957
OV,GBMLGG,7,0.02766798418972332
OV,HNSC,7,0.02766798418972332
SKCM,SARC,7,0.025362318840579712
STES,GBMLGG,7,0.018469656992084433
STES,SARC,7,0.018469656992084433
STES,SKCM,7,0.018469656992084433
TGCT,KIRC,7,0.056451612903225805
UCEC,LUSC,7,0.03535353535353535
BLCA,UCEC,6,0.057692307692307696
BRCA,COAD,6,0.007633587786259542
BRCA,TGCT,6,0.007633587786259542
CESC,LUAD,6,0.03870967741935484
CESC,PCPG,6,0.03870967741935484
COAD,UCEC,6,0.026905829596412557
GBMLGG,KIRC,6,0.013015184381778741
GBMLGG,LUAD,6,0.013015184381778741
GBMLGG,PCPG,6,0.013015184381778741
GBMLGG,THYM,6,0.013015184381778741
HNSC,GBMLGG,6,0.026905829596412557
HNSC,SARC,6,0.026905829596412557
KIPAN,HNSC,6,0.011650485436893204
LIHC,SARC,6,0.0379746835443038
LUAD,SKCM,6,0.03260869565217391
LUSC,BRCA,6,0.033707865168539325
LUSC,UCEC,6,0.033707865168539325
PAAD,STES,6,0.05
PRAD,LAML,6,0.022556390977443608
SKCM,LUSC,6,0.021739130434782608
SKCM,STES,6,0.021739130434782608
STES,BLCA,6,0.0158311345646438
STES,CESC,6,0.0158311345646438
TGCT,CESC,6,0.04838709677419355
TGCT,PRAD,6,0.04838709677419355
THCA,LAML,6,0.018518518518518517
THCA,SARC,6,0.018518518518518517
THYM,THCA,6,0.061224489795918366
UCEC,SARC,6,0.030303030303030304
BLCA,COAD,5,0.04807692307692308
BLCA,LIHC,5,0.04807692307692308
BLCA,PAAD,5,0.04807692307692308
BRCA,LUSC,5,0.006361323155216285
CESC,THYM,5,0.03225806451612903
CESC,UCEC,5,0.03225806451612903
COAD,BRCA,5,0.02242152466367713
COAD,LUSC,5,0.02242152466367713
COAD,SARC,5,0.02242152466367713
COAD,SKCM,5,0.02242152466367713
GBMLGG,LAML,5,0.010845986984815618
GBMLGG,STES,5,0.010845986984815618
HNSC,LIHC,5,0.02242152466367713
HNSC,PAAD,5,0.02242152466367713
HNSC,PRAD,5,0.02242152466367713
HNSC,TGCT,5,0.02242152466367713
LIHC,GBMLGG,5,0.03164556962025317
LIHC,HNSC,5,0.03164556962025317
LIHC,LUAD,5,0.03164556962025317
LUAD,CESC,5,0.02717391304347826
LUAD,HNSC,5,0.02717391304347826
LUAD,PAAD,5,0.02717391304347826
LUAD,PCPG,5,0.02717391304347826
LUAD,PRAD,5,0.02717391304347826
PAAD,HNSC,5,0.041666666666666664
PAAD,PCPG,5,0.041666666666666664
PCPG,KIPAN,5,0.034013605442176874
SKCM,COAD,5,0.018115942028985508
SKCM,GBMLGG,5,0.018115942028985508
TGCT,BRCA,5,0.04032258064516129
THYM,LAML,5,0.05102040816326531
THYM,PRAD,5,0.05102040816326531
UCEC,COAD,5,0.025252525252525252
UCEC,HNSC,5,0.025252525252525252
UCEC,PRAD,5,0.025252525252525252
ACC,STES,4,0.05555555555555555
BLCA,LUSC,4,0.038461538461538464
BLCA,OV,4,0.038461538461538464
CESC,COAD,4,0.025806451612903226
CESC,LIHC,4,0.025806451612903226
COAD,KIPAN,4,0.017937219730941704
DLBC,BRCA,4,0.10526315789473684
DLBC,TGCT,4,0.10526315789473684
GBMLGG,CESC,4,0.008676789587852495
GBMLGG,SKCM,4,0.008676789587852495
HNSC,BLCA,4,0.017937219730941704
KIPAN,BLCA,4,0.007766990291262136
KIPAN,GBMLGG,4,0.007766990291262136
KIPAN,THCA,4,0.007766990291262136
KIRC,CESC,4,0.011976047904191617
KIRC,GBMLGG,4,0.011976047904191617
KIRC,TGCT,4,0.011976047904191617
KIRC,THYM,4,0.011976047904191617
LGG,LAML,4,0.017467248908296942
LGG,THYM,4,0.017467248908296942
LIHC,CESC,4,0.02531645569620253
LIHC,COAD,4,0.02531645569620253
LIHC,KIRC,4,0.02531645569620253
LIHC,OV,4,0.02531645569620253
LIHC,PAAD,4,0.02531645569620253
LUAD,COAD,4,0.021739130434782608
LUSC,GBMLGG,4,0.02247191011235955
LUSC,SKCM,4,0.02247191011235955
OV,LUAD,4,0.015810276679841896
OV,PCPG,4,0.015810276679841896
PAAD,COAD,4,0.03333333333333333
PAAD,GBMLGG,4,0.03333333333333333
PAAD,LIHC,4,0.03333333333333333
PAAD,LUAD,4,0.03333333333333333
PAAD,PRAD,4,0.03333333333333333
PAAD,SARC,4,0.03333333333333333
PCPG,BRCA,4,0.027210884353741496
PCPG,LAML,4,0.027210884353741496
SARC,UCEC,4,0.020202020202020204
SKCM,BRCA,4,0.014492753623188406
SKCM,LIHC,4,0.014492753623188406
STES,KIRC,4,0.010554089709762533
STES,TGCT,4,0.010554089709762533
THYM,BRCA,4,0.04081632653061224
UCEC,KIPAN,4,0.020202020202020204
UCEC,TGCT,4,0.020202020202020204
ACC,KIPAN,3,0.041666666666666664
BLCA,PRAD,3,0.028846153846153848
BRCA,LGG,3,0.003816793893129771
CESC,GBMLGG,3,0.01935483870967742
CESC,THCA,3,0.01935483870967742
COAD,PAAD,3,0.013452914798206279
DLBC,HNSC,3,0.07894736842105263
DLBC,SARC,3,0.07894736842105263
GBMLGG,TGCT,3,0.006507592190889371
GBMLGG,THCA,3,0.006507592190889371
HNSC,CESC,3,0.013452914798206279
HNSC,SKCM,3,0.013452914798206279
KIPAN,UCEC,3,0.005825242718446602
KIRC,OV,3,0.008982035928143712
KIRC,PCPG,3,0.008982035928143712
KIRC,SARC,3,0.008982035928143712
KIRC,THCA,3,0.008982035928143712
LAML,GBMLGG,3,0.0189873417721519
LAML,THCA,3,0.0189873417721519
LIHC,BLCA,3,0.0189873417721519
LIHC,PCPG,3,0.0189873417721519
LIHC,TGCT,3,0.0189873417721519
LUSC,SARC,3,0.016853932584269662
OV,UCEC,3,0.011857707509881422
PAAD,KIPAN,3,0.025
PAAD,KIRC,3,0.025
PCPG,KIRC,3,0.02040816326530612
PRAD,CESC,3,0.011278195488721804
SARC,CESC,3,0.015151515151515152
SARC,KIRC,3,0.015151515151515152
SARC,LIHC,3,0.015151515151515152
SARC,LUAD,3,0.015151515151515152
SARC,PAAD,3,0.015151515151515152
SARC,SKCM,3,0.015151515151515152
SARC,TGCT,3,0.015151515151515152
SKCM,CESC,3,0.010869565217391304
SKCM,HNSC,3,0.010869565217391304
SKCM,PCPG,3,0.010869565217391304
STES,THYM,3,0.0079155672823219
TGCT,GBMLGG,3,0.024193548387096774
TGCT,PAAD,3,0.024193548387096774
THYM,SARC,3,0.030612244897959183
UCEC,CESC,3,0.015151515151515152
UCEC,LIHC,3,0.015151515151515152
ACC,TGCT,2,0.027777777777777776
ACC,UCEC,2,0.027777777777777776
BLCA,GBMLGG,2,0.019230769230769232
BLCA,KIRC,2,0.019230769230769232
BLCA,PCPG,2,0.019230769230769232
BLCA,TGCT,2,0.019230769230769232
CESC,KIRC,2,0.012903225806451613
COAD,CESC,2,0.008968609865470852
COAD,KIRC,2,0.008968609865470852
COAD,LIHC,2,0.008968609865470852
DLBC,KIPAN,2,0.05263157894736842
DLBC,LUAD,2,0.05263157894736842
DLBC,SKCM,2,0.05263157894736842
DLBC,STES,2,0.05263157894736842
GBMLGG,HNSC,2,0.004338394793926247
HNSC,KIRC,2,0.008968609865470852
KIPAN,COAD,2,0.003883495145631068
KIPAN,LUAD,2,0.003883495145631068
KIPAN,PAAD,2,0.003883495145631068
KIRC,LIHC,2,0.005988023952095809
KIRC,STES,2,0.005988023952095809
LAML,BRCA,2,0.012658227848101266
LAML,SARC,2,0.012658227848101266
LGG,BRCA,2,0.008733624454148471
LGG,SARC,2,0.008733624454148471
LIHC,LGG,2,0.012658227848101266
LIHC,LUSC,2,0.012658227848101266
LIHC,SKCM,2,0.012658227848101266
LUAD,BLCA,2,0.010869565217391304
LUAD,KIRC,2,0.010869565217391304
LUSC,CESC,2,0.011235955056179775
LUSC,KIRC,2,0.011235955056179775
LUSC,TGCT,2,0.011235955056179775
LUSC,THYM,2,0.011235955056179775
OV,CESC,2,0.007905138339920948
OV,LIHC,2,0.007905138339920948
OV,TGCT,2,0.007905138339920948
OV,THYM,2,0.007905138339920948
PAAD,THYM,2,0.016666666666666666
PRAD,COAD,2,0.007518796992481203
PRAD,LIHC,2,0.007518796992481203
PRAD,UCEC,2,0.007518796992481203
SARC,COAD,2,0.010101010101010102
SARC,THCA,2,0.010101010101010102
SKCM,PRAD,2,0.007246376811594203
SKCM,TGCT,2,0.007246376811594203
SKCM,UCEC,2,0.007246376811594203
TGCT,LIHC,2,0.016129032258064516
THCA,KIPAN,2,0.006172839506172839
UCEC,SKCM,2,0.010101010101010102
ACC,BLCA,1,0.013888888888888888
ACC,HNSC,1,0.013888888888888888
ACC,LIHC,1,0.013888888888888888
ACC,LUSC,1,0.013888888888888888
ACC,OV,1,0.013888888888888888
ACC,PCPG,1,0.013888888888888888
ACC,SARC,1,0.013888888888888888
BLCA,CESC,1,0.009615384615384616
BLCA,SARC,1,0.009615384615384616
BLCA,SKCM,1,0.009615384615384616
BRCA,BLCA,1,0.001272264631043257
BRCA,DLBC,1,0.001272264631043257
CESC,BLCA,1,0.0064516129032258064
CESC,OV,1,0.0064516129032258064
CESC,PAAD,1,0.0064516129032258064
CESC,SKCM,1,0.0064516129032258064
COAD,GBMLGG,1,0.004484304932735426
COAD,HNSC,1,0.004484304932735426
COAD,LUAD,1,0.004484304932735426
COAD,PCPG,1,0.004484304932735426
COAD,TGCT,1,0.004484304932735426
COAD,THCA,1,0.004484304932735426
DLBC,BLCA,1,0.02631578947368421
DLBC,CESC,1,0.02631578947368421
DLBC,LAML,1,0.02631578947368421
DLBC,LIHC,1,0.02631578947368421
DLBC,LUSC,1,0.02631578947368421
DLBC,OV,1,0.02631578947368421
DLBC,PRAD,1,0.02631578947368421
GBMLGG,BLCA,1,0.0021691973969631237
GBMLGG,PAAD,1,0.0021691973969631237
HNSC,LAML,1,0.004484304932735426
HNSC,LGG,1,0.004484304932735426
HNSC,PCPG,1,0.004484304932735426
HNSC,THYM,1,0.004484304932735426
KIPAN,LAML,1,0.001941747572815534
KIPAN,LUSC,1,0.001941747572815534
KIRC,LAML,1,0.0029940119760479044
KIRC,UCEC,1,0.0029940119760479044
LAML,TGCT,1,0.006329113924050633
LGG,KIPAN,1,0.004366812227074236
LGG,LIHC,1,0.004366812227074236
LGG,OV,1,0.004366812227074236
LGG,PAAD,1,0.004366812227074236
LGG,PRAD,1,0.004366812227074236
LGG,TGCT,1,0.004366812227074236
LGG,THCA,1,0.004366812227074236
LIHC,ACC,1,0.006329113924050633
LIHC,THYM,1,0.006329113924050633
LUAD,LGG,1,0.005434782608695652
LUAD,TGCT,1,0.005434782608695652
LUAD,THCA,1,0.005434782608695652
LUAD,THYM,1,0.005434782608695652
LUAD,UCEC,1,0.005434782608695652
LUSC,ACC,1,0.0056179775280898875
LUSC,KIPAN,1,0.0056179775280898875
LUSC,PAAD,1,0.0056179775280898875
OV,KIRC,1,0.003952569169960474
OV,LAML,1,0.003952569169960474
OV,LUSC,1,0.003952569169960474
OV,SKCM,1,0.003952569169960474
PAAD,BLCA,1,0.008333333333333333
PAAD,CESC,1,0.008333333333333333
PAAD,LGG,1,0.008333333333333333
PAAD,UCEC,1,0.008333333333333333
PCPG,COAD,1,0.006802721088435374
PCPG,GBMLGG,1,0.006802721088435374
PCPG,LUAD,1,0.006802721088435374
PCPG,OV,1,0.006802721088435374
PRAD,SKCM,1,0.0037593984962406013
PRAD,STES,1,0.0037593984962406013
PRAD,TGCT,1,0.0037593984962406013
SARC,HNSC,1,0.005050505050505051
SARC,LAML,1,0.005050505050505051
SARC,LUSC,1,0.005050505050505051
SARC,STES,1,0.005050505050505051
SKCM,ACC,1,0.0036231884057971015
SKCM,LAML,1,0.0036231884057971015
SKCM,LGG,1,0.0036231884057971015
SKCM,OV,1,0.0036231884057971015
STES,DLBC,1,0.002638522427440633
STES,LAML,1,0.002638522427440633
STES,PCPG,1,0.002638522427440633
TGCT,COAD,1,0.008064516129032258
TGCT,LAML,1,0.008064516129032258
TGCT,OV,1,0.008064516129032258
TGCT,PCPG,1,0.008064516129032258
TGCT,SKCM,1,0.008064516129032258
TGCT,THCA,1,0.008064516129032258
THCA,CESC,1,0.0030864197530864196
THCA,KIRC,1,0.0030864197530864196
THCA,OV,1,0.0030864197530864196
THCA,PAAD,1,0.0030864197530864196
THCA,UCEC,1,0.0030864197530864196
THYM,BLCA,1,0.01020408163265306
THYM,GBMLGG,1,0.01020408163265306
THYM,KIPAN,1,0.01020408163265306
THYM,LUAD,1,0.01020408163265306
THYM,OV,1,0.01020408163265306
THYM,PAAD,1,0.01020408163265306
THYM,SKCM,1,0.01020408163265306
THYM,TGCT,1,0.01020408163265306
UCEC,LUAD,1,0.005050505050505051
UCEC,THYM,1,0.005050505050505051
