a,b,cosine
KIPAN,KIRC,0.9096973538398743
GBMLGG,LGG,0.893072783946991
LUSC,STES,0.8735751509666443
LUAD,LUSC,0.8562712669372559
COAD,STES,0.8454625606536865
HNSC,LUSC,0.8446046710014343
STES,UCEC,0.8425701856613159
LUAD,STES,0.8420981168746948
HNSC,STES,0.8351339101791382
BLCA,STES,0.8209121823310852
SKCM,STES,0.8072378635406494
LUAD,SKCM,0.8027520775794983
CESC,STES,0.7998831272125244
CESC,UCEC,0.7851983904838562
COAD,UCEC,0.7847434282302856
LIHC,STES,0.7842281460762024
HNSC,PAAD,0.7787430882453918
COAD,LUSC,0.773320734500885
LUSC,SKCM,0.7730843424797058
OV,PAAD,0.7730411887168884
SKCM,UCEC,0.7690853476524353
BLCA,LUSC,0.7682766318321228
BRCA,HNSC,0.7667839527130127
HNSC,LUAD,0.7612259387969971
BLCA,HNSC,0.7583627104759216
LIHC,LUSC,0.7553091645240784
PAAD,STES,0.754759669303894
LUSC,UCEC,0.7545863389968872
BLCA,UCEC,0.7530530095100403
COAD,LUAD,0.7486753463745117
LUSC,PAAD,0.7399882078170776
LUAD,UCEC,0.7394376993179321
COAD,HNSC,0.7392361164093018
LIHC,LUAD,0.7369464039802551
BRCA,STES,0.736656665802002
HNSC,SARC,0.7365431785583496
BLCA,COAD,0.7312279343605042
COAD,SKCM,0.728918731212616
BLCA,CESC,0.7268912196159363
CESC,LUSC,0.7251667380332947
LIHC,UCEC,0.7246809601783752
HNSC,OV,0.7229399681091309
BRCA,LUSC,0.7186028957366943
BLCA,LUAD,0.7183131575584412
LUSC,SARC,0.7152174711227417
CESC,SKCM,0.7147741317749023
SARC,STES,0.7107963562011719
CESC,LUAD,0.7079704403877258
HNSC,LIHC,0.7069433331489563
OV,SARC,0.7028283476829529
CESC,COAD,0.6977570056915283
PAAD,SARC,0.6960105299949646
COAD,LIHC,0.6941108107566833
BRCA,UCEC,0.691121518611908
BLCA,BRCA,0.689858615398407
BLCA,LIHC,0.6896190047264099
HNSC,UCEC,0.6859042048454285
BLCA,SKCM,0.6851471066474915
LIHC,SKCM,0.6783208847045898
COAD,PAAD,0.6773136854171753
LUAD,PAAD,0.6741505265235901
BLCA,PAAD,0.6722151637077332
BRCA,COAD,0.6707455515861511
CESC,HNSC,0.6703030467033386
CESC,LIHC,0.6689947843551636
LUAD,SARC,0.6656436324119568
BRCA,PAAD,0.6635963916778564
HNSC,SKCM,0.6626333594322205
BRCA,CESC,0.6536910533905029
BRCA,OV,0.6520431637763977
BRCA,LUAD,0.6453894972801208
BLCA,SARC,0.6445424556732178
BRCA,SARC,0.6391660571098328
LIHC,PAAD,0.6386378407478333
LIHC,SARC,0.636458158493042
LUSC,OV,0.63247150182724
KIPAN,STES,0.6306557059288025
BRCA,LIHC,0.6280900835990906
COAD,SARC,0.6269135475158691
DLBC,STES,0.6263551712036133
GBMLGG,SARC,0.623117208480835
PAAD,UCEC,0.6149069666862488
KIPAN,UCEC,0.6118375658988953
PRAD,STES,0.608716607093811
GBMLGG,OV,0.6079254150390625
LUSC,PRAD,0.5964683890342712
GBMLGG,HNSC,0.593166172504425
DLBC,SKCM,0.5925045013427734
DLBC,UCEC,0.5884674787521362
SARC,SKCM,0.5875430107116699
SARC,UCEC,0.585517168045044
OV,STES,0.585102379322052
CESC,KIPAN,0.5838406682014465
CESC,DLBC,0.5832605361938477
PAAD,SKCM,0.5782507658004761
PRAD,UCEC,0.5778388977050781
BLCA,DLBC,0.5774913430213928
LUAD,PRAD,0.5767836570739746
KIPAN,LUSC,0.5706450939178467
BLCA,KIPAN,0.5687977075576782
KIPAN,SKCM,0.5645370483398438
GBMLGG,PAAD,0.5581696033477783
COAD,KIPAN,0.5558399558067322
PRAD,SKCM,0.5554933547973633
LIHC,PRAD,0.5547089576721191
DLBC,LUSC,0.5543532967567444
HNSC,PRAD,0.5534650683403015
COAD,OV,0.5534642934799194
GBMLGG,LUSC,0.5524024367332458
BLCA,OV,0.5520178079605103
KIPAN,LUAD,0.5517333745956421
BRCA,GBMLGG,0.5501973032951355
BRCA,SKCM,0.5498537421226501
COAD,PRAD,0.5488733649253845
BLCA,PRAD,0.5484911203384399
COAD,DLBC,0.5473236441612244
DLBC,LUAD,0.5455072522163391
LUAD,OV,0.5422639846801758
CESC,PAAD,0.5419866442680359
CESC,SARC,0.5411121249198914
STES,TGCT,0.5348370671272278
HNSC,KIPAN,0.5337315797805786
LIHC,OV,0.5316774249076843
KIPAN,LIHC,0.525980532169342
DLBC,HNSC,0.5218559503555298
CESC,PRAD,0.5202140808105469
GBMLGG,STES,0.5197574496269226
GBMLGG,LUAD,0.5155081748962402
CESC,TGCT,0.5136843919754028
TGCT,UCEC,0.5107287168502808
DLBC,LIHC,0.5058456659317017
LGG,OV,0.498320996761322
ACC,STES,0.49684756994247437
BRCA,PRAD,0.49462395906448364
SKCM,TGCT,0.4873824417591095
GBMLGG,LIHC,0.48267361521720886
BLCA,TGCT,0.4801473915576935
BLCA,GBMLGG,0.480124831199646
PAAD,PRAD,0.47687652707099915
PRAD,SARC,0.47553399205207825
DLBC,KIPAN,0.47332656383514404
BRCA,KIPAN,0.469378799200058
KIPAN,PAAD,0.46352508664131165
LGG,SARC,0.4617193341255188
COAD,GBMLGG,0.46131274104118347
ACC,SKCM,0.4543760120868683
KIPAN,SARC,0.451578825712204
ACC,UCEC,0.45156896114349365
LUSC,TGCT,0.44947248697280884
ACC,LUSC,0.4452618658542633
GBMLGG,UCEC,0.44500815868377686
KIRC,STES,0.44490742683410645
ACC,CESC,0.4448498785495758
LUAD,TGCT,0.4430353045463562
ACC,BLCA,0.44289442896842957
ACC,LUAD,0.44247448444366455
KIRC,UCEC,0.4424212872982025
KIPAN,PRAD,0.44032129645347595
LIHC,TGCT,0.43916770815849304
DLBC,PRAD,0.4364699721336365
BRCA,DLBC,0.43578481674194336
COAD,TGCT,0.43180128931999207
DLBC,PAAD,0.4314139187335968
DLBC,TGCT,0.4310436248779297
KIPAN,TGCT,0.4254925847053528
ACC,LIHC,0.4236028790473938
HNSC,TGCT,0.42280927300453186
CESC,KIRC,0.41707152128219604
HNSC,LGG,0.4152429699897766
DLBC,SARC,0.4137723445892334
LGG,PAAD,0.41373366117477417
ACC,HNSC,0.4136207103729248
KIRC,SKCM,0.4125966429710388
ACC,COAD,0.4117989242076874
GBMLGG,SKCM,0.40837764739990234
KIRC,LUSC,0.4051031470298767
OV,UCEC,0.40005138516426086
COAD,KIRC,0.3998566269874573
BLCA,KIRC,0.39961275458335876
ACC,DLBC,0.39953118562698364
KIRC,LUAD,0.3965360224246979
OV,PRAD,0.3956650495529175
STES,THYM,0.3946986496448517
ACC,PAAD,0.3930501639842987
ACC,TGCT,0.38946011662483215
PAAD,TGCT,0.3864670991897583
CESC,GBMLGG,0.38628262281417847
BRCA,LGG,0.38159266114234924
GBMLGG,PRAD,0.38112232089042664
ACC,KIPAN,0.37948906421661377
SARC,TGCT,0.37570494413375854
KIRC,LIHC,0.37322258949279785
LAML,LGG,0.36921370029449463
PCPG,STES,0.3676663637161255
HNSC,KIRC,0.3668307960033417
ACC,SARC,0.3657706677913666
HNSC,THYM,0.3648322820663452
LUAD,THYM,0.3598126769065857
LUSC,THYM,0.3585735261440277
OV,SKCM,0.357171893119812
BLCA,THYM,0.3568098545074463
PCPG,SKCM,0.3551234006881714
GBMLGG,LAML,0.353660523891449
BRCA,TGCT,0.3536198139190674
PAAD,THYM,0.3524545133113861
PCPG,UCEC,0.3499309718608856
ACC,BRCA,0.34803125262260437
THYM,UCEC,0.34738385677337646
LUSC,PCPG,0.3448883295059204
BLCA,PCPG,0.3433475196361542
PCPG,THYM,0.34061262011528015
CESC,OV,0.3392895758152008
LIHC,THYM,0.3392597734928131
LUAD,PCPG,0.3387848436832428
LGG,LUSC,0.33840084075927734
DLBC,KIRC,0.33490753173828125
GBMLGG,KIPAN,0.3320128917694092
SKCM,THYM,0.32873082160949707
COAD,THYM,0.3285030126571655
CESC,PCPG,0.3274235427379608
BRCA,KIRC,0.32678893208503723
KIRC,PRAD,0.3265330195426941
CESC,THYM,0.32621344923973083
KIPAN,PCPG,0.32100802659988403
KIPAN,OV,0.32065510749816895
COAD,PCPG,0.32015103101730347
HNSC,PCPG,0.3193093240261078
SARC,THYM,0.3141789734363556
BRCA,THYM,0.31318727135658264
LIHC,PCPG,0.30968332290649414
LGG,STES,0.3089306950569153
KIRC,PAAD,0.3075019121170044
PRAD,TGCT,0.30621469020843506
KIRC,SARC,0.3023959696292877
BLCA,LGG,0.3008343577384949
PCPG,SARC,0.29899007081985474
LGG,LUAD,0.29550158977508545
DLBC,PCPG,0.2952696979045868
LGG,LIHC,0.2945105731487274
ACC,PRAD,0.29333382844924927
KIRC,TGCT,0.29237446188926697
DLBC,GBMLGG,0.2901136577129364
OV,THYM,0.28643208742141724
COAD,LGG,0.28074178099632263
PCPG,TGCT,0.27835431694984436
DLBC,THYM,0.2754172086715698
BRCA,PCPG,0.2737123370170593
DLBC,OV,0.26892539858818054
SKCM,THCA,0.26725131273269653
PAAD,PCPG,0.26098984479904175
KIPAN,THYM,0.2599707245826721
ACC,GBMLGG,0.25964415073394775
PRAD,THYM,0.25824031233787537
ACC,KIRC,0.257480263710022
ACC,OV,0.2565978467464447
GBMLGG,THYM,0.256399005651474
PCPG,PRAD,0.25279003381729126
TGCT,THYM,0.2516743540763855
KIRC,PCPG,0.247129425406456
GBMLGG,TGCT,0.24095501005649567
GBMLGG,KIRC,0.23067829012870789
ACC,PCPG,0.22995607554912567
LAML,OV,0.22731074690818787
GBMLGG,PCPG,0.22504284977912903
LGG,PRAD,0.22282101213932037
LGG,UCEC,0.21970605850219727
LAML,PAAD,0.21880462765693665
ACC,THYM,0.2119557112455368
OV,TGCT,0.21116620302200317
HNSC,LAML,0.20531538128852844
KIRC,OV,0.19933120906352997
LAML,SARC,0.19712157547473907
LAML,STES,0.19640177488327026
LAML,LUSC,0.1916230171918869
LGG,SKCM,0.19137564301490784
BRCA,LAML,0.19104260206222534
CESC,LGG,0.1889156550168991
COAD,LAML,0.18309931457042694
LAML,LUAD,0.18280266225337982
LAML,LIHC,0.1791153848171234
KIPAN,LGG,0.1778874397277832
BLCA,LAML,0.17589342594146729
LGG,THYM,0.17582644522190094
OV,PCPG,0.17442330718040466
KIRC,THYM,0.17342115938663483
COAD,THCA,0.16082867980003357
LUAD,THCA,0.1577138751745224
LAML,UCEC,0.1550670713186264
STES,THCA,0.1489412635564804
PRAD,THCA,0.14809976518154144
ACC,LGG,0.14233887195587158
DLBC,LGG,0.1419050395488739
LAML,SKCM,0.14133240282535553
LGG,PCPG,0.13651758432388306
CESC,LAML,0.13510534167289734
LUSC,THCA,0.13234026730060577
DLBC,THCA,0.1323396861553192
THCA,UCEC,0.13197454810142517
LAML,PRAD,0.12868836522102356
CESC,THCA,0.1264256238937378
LAML,TGCT,0.11760619282722473
KIRC,LGG,0.11674314737319946
KIPAN,LAML,0.1165817454457283
LGG,TGCT,0.1162334457039833
HNSC,THCA,0.11353642493486404
PCPG,THCA,0.11108274012804031
DLBC,LAML,0.11079254746437073
BLCA,THCA,0.1098707839846611
LAML,THYM,0.1075935810804367
ACC,LAML,0.10222043097019196
LIHC,THCA,0.09949624538421631
BRCA,THCA,0.09488259255886078
PAAD,THCA,0.0939314067363739
SARC,THCA,0.09388196468353271
KIPAN,THCA,0.09112972766160965
TGCT,THCA,0.08520904928445816
ACC,THCA,0.07938503473997116
KIRC,LAML,0.07853852957487106
GBMLGG,THCA,0.07764826714992523
LAML,PCPG,0.0772683322429657
THCA,THYM,0.07371408492326736
KIRC,THCA,0.06705597043037415
OV,THCA,0.05714324489235878
LGG,THCA,0.03398514539003372
LAML,THCA,0.021009761840105057
